-- phpMyAdmin SQL Dump
-- version 4.7.7
-- https://www.phpmyadmin.net/
--
-- Host: localhost:3306
-- Generation Time: Jul 07, 2018 at 04:39 PM
-- Server version: 10.2.12-MariaDB
-- PHP Version: 7.0.26

SET SQL_MODE = "NO_AUTO_VALUE_ON_ZERO";
SET AUTOCOMMIT = 0;
START TRANSACTION;
SET time_zone = "+00:00";


/*!40101 SET @OLD_CHARACTER_SET_CLIENT=@@CHARACTER_SET_CLIENT */;
/*!40101 SET @OLD_CHARACTER_SET_RESULTS=@@CHARACTER_SET_RESULTS */;
/*!40101 SET @OLD_COLLATION_CONNECTION=@@COLLATION_CONNECTION */;
/*!40101 SET NAMES utf8mb4 */;

--
-- Database: `id4938841_universirybusmanagement`
--

-- --------------------------------------------------------

--
-- Table structure for table `Drivers`
--

CREATE TABLE `Drivers` (
  `driverId` int(15) NOT NULL,
  `driverName` varchar(25) COLLATE utf8_unicode_ci NOT NULL,
  `driverEmail` varchar(50) COLLATE utf8_unicode_ci NOT NULL,
  `driverPassword` varchar(30) COLLATE utf8_unicode_ci NOT NULL,
  `driverCnic` varchar(20) COLLATE utf8_unicode_ci NOT NULL,
  `driverPhoneNo` varchar(15) COLLATE utf8_unicode_ci NOT NULL,
  `driverLatLng` varchar(50) COLLATE utf8_unicode_ci NOT NULL,
  `IsRouteAssigned` tinyint(4) NOT NULL
) ENGINE=InnoDB DEFAULT CHARSET=utf8 COLLATE=utf8_unicode_ci;

--
-- Dumping data for table `Drivers`
--

INSERT INTO `Drivers` (`driverId`, `driverName`, `driverEmail`, `driverPassword`, `driverCnic`, `driverPhoneNo`, `driverLatLng`, `IsRouteAssigned`) VALUES
(4, 'driverName2', 'driverEmail2', 'driverPassword2', 'driverCnic2', 'driverPhoneNo2', '33.6447518,72.9647329', 1),
(7, 'fazal', 'fazal@gmail.com', 'Fazal_123@', '0863216549870', '03334499652', '33.6500509,73.1557045', 1),
(8, 'ghafoor ', 'ghafoor@yahoo.com', 'Gjafoor@123', '9764532100766', '03322664558', '', 1),
(9, 'Tariq', 'tariq1@gmail.com', 'Tariq_123@', '0887332186978', '03334423567', '', 1),
(10, 'usman khan ', 'usmankhan@gmail.com', 'Usmankhan_123@', '0897654531694', '03105050511', '33.6364881,73.0795229', 1),
(11, 'saleem', 'saleem@gmail.com', 'Saleem_123@', '0879543216879', '03334446523', '33.650194,73.1560202', 1),
(12, 'zaid', 'zaid@gmail.com', 'Zaid_123@', '0879543216980', '03344612533', '', 1),
(13, 'saif', 'saif@gmail.com', 'Saif_123@', '0846543216848', '03334462627', '', 1);

-- --------------------------------------------------------

--
-- Table structure for table `Feedback`
--

CREATE TABLE `Feedback` (
  `feedbackId` int(15) NOT NULL,
  `feedbaackDescription` text COLLATE utf8_unicode_ci NOT NULL,
  `parentId` int(15) NOT NULL,
  `routeId` int(15) NOT NULL
) ENGINE=InnoDB DEFAULT CHARSET=utf8 COLLATE=utf8_unicode_ci;

--
-- Dumping data for table `Feedback`
--

INSERT INTO `Feedback` (`feedbackId`, `feedbaackDescription`, `parentId`, `routeId`) VALUES
(4, 'It is always late', 3, 14),
(5, 'sai nai hai yeh route\n', 3, 23),
(6, 'this route is not better for student .', 13, 17),
(7, 'i want a driver to be awaken and fresh', 17, 27),
(8, 'i want a driver to be awaken and fresh', 17, 27),
(9, 'good active driver ', 17, 27),
(10, 'my dirver is noy worthy \n', 17, 30),
(11, 'good app', 19, 27),
(12, 'is not good\n', 17, 27),
(13, 'driver is bad \n', 17, 26);

-- --------------------------------------------------------

--
-- Table structure for table `Parents`
--

CREATE TABLE `Parents` (
  `parentId` int(15) NOT NULL,
  `parentName` varchar(25) COLLATE utf8_unicode_ci NOT NULL,
  `parentEmail` varchar(25) COLLATE utf8_unicode_ci NOT NULL,
  `parentPassword` varchar(30) COLLATE utf8_unicode_ci NOT NULL,
  `parentCnic` varchar(15) COLLATE utf8_unicode_ci NOT NULL,
  `parentPhoneNo` varchar(15) COLLATE utf8_unicode_ci NOT NULL,
  `studentId` int(15) NOT NULL
) ENGINE=InnoDB DEFAULT CHARSET=utf8 COLLATE=utf8_unicode_ci;

--
-- Dumping data for table `Parents`
--

INSERT INTO `Parents` (`parentId`, `parentName`, `parentEmail`, `parentPassword`, `parentCnic`, `parentPhoneNo`, `studentId`) VALUES
(17, 'zamir', 'zamirmaya81@gmail.com', 'Zamir_123@', '0879654231684', '03105010555', 39),
(18, 'hassan', 'hassan@gmail.com', 'qwW@1234', '3660236881236', '03039658213', 0),
(19, 'abirah', 'abirah@gmail.com', 'qwW@1234', '1234567893156', '03039696533', 42);

-- --------------------------------------------------------

--
-- Table structure for table `Routes`
--

CREATE TABLE `Routes` (
  `routeId` int(15) NOT NULL,
  `routeNo` varchar(20) COLLATE utf8_unicode_ci NOT NULL,
  `routeTitle` varchar(100) COLLATE utf8_unicode_ci NOT NULL,
  `routeEndpointLatLng` varchar(20) COLLATE utf8_unicode_ci NOT NULL,
  `routeStopsJson` mediumblob NOT NULL,
  `routeBusNo` varchar(20) COLLATE utf8_unicode_ci NOT NULL,
  `routeStatusPickupDrop` tinyint(1) NOT NULL,
  `driverId` int(15) NOT NULL
) ENGINE=InnoDB DEFAULT CHARSET=utf8 COLLATE=utf8_unicode_ci;

--
-- Dumping data for table `Routes`
--

INSERT INTO `Routes` (`routeId`, `routeNo`, `routeTitle`, `routeEndpointLatLng`, `routeStopsJson`, `routeBusNo`, `routeStatusPickupDrop`, `driverId`) VALUES
(26, '1', 'six road', '33.651792,73.156669', 0x7b22616c6c53746f7073223a5b7b2273746f704e616d65223a2253616666726f6e2053742c2049736c616d616261642c2049736c616d61626164204361706974616c205465727269746f72792c2050616b697374616e0a49736c616d61626164204361706974616c205465727269746f7279222c2273746f704c61744c6e67223a2233332e3635343636323833383934333436362c37332e3135383639333930393634353038227d2c7b2273746f704e616d65223a225061726b2052642c204368616b20536861687a61642c2049736c616d616261642c2049736c616d61626164204361706974616c205465727269746f72792c2050616b697374616e0a49736c616d61626164204361706974616c205465727269746f7279222c2273746f704c61744c6e67223a2233332e36363031393430353538363432352c37332e31353335323239343539343035227d2c7b2273746f704e616d65223a2249736c616d616261642c2049736c616d61626164204361706974616c205465727269746f72792c2050616b697374616e0a49736c616d61626164204361706974616c205465727269746f7279222c2273746f704c61744c6e67223a2233332e3634393330333437303635353138342c37332e3135313439373837383133343235227d5d7d, '0', 0, 10),
(27, '2', 'askari11', '33.655341,73.153151', 0x7b22616c6c53746f7073223a5b7b2273746f704e616d65223a2253616666726f6e2053742c2049736c616d616261642c2049736c616d61626164204361706974616c205465727269746f72792c2050616b697374616e0a49736c616d61626164204361706974616c205465727269746f7279222c2273746f704c61744c6e67223a2233332e36353436303733303137313334362c37332e31353837323737373235333339227d2c7b2273746f704e616d65223a22556e6e616d656420526f61642c205461726c6169204b616c616e2c2049736c616d616261642c2049736c616d61626164204361706974616c205465727269746f72792c2050616b697374616e0a49736c616d61626164204361706974616c205465727269746f7279222c2273746f704c61744c6e67223a2233332e36343333393535383236343639342c37332e3135333435373930323337313838227d2c7b2273746f704e616d65223a224c6568746172617220526f61642c20546172616d72692c2049736c616d616261642c2049736c616d61626164204361706974616c205465727269746f72792c2050616b697374616e0a49736c616d61626164204361706974616c205465727269746f7279222c2273746f704c61744c6e67223a2233332e36343338383039363734383234392c37332e3136343338333534353531373932227d2c7b2273746f704e616d65223a2253696d6c79205264204c696e6b2c2054616d6d612c2049736c616d616261642c2049736c616d61626164204361706974616c205465727269746f72792c2050616b697374616e0a49736c616d61626164204361706974616c205465727269746f7279222c2273746f704c61744c6e67223a2233332e36343938313434393931323630322c37332e3136363030353631313431393638227d5d7d, '0', 0, 9),
(28, 'chak shehzad', '3', '33.657546,73.156364', 0x7b22616c6c53746f7073223a5b7b2273746f704e616d65223a2253616666726f6e2053742c2049736c616d616261642c2049736c616d61626164204361706974616c205465727269746f72792c2050616b697374616e0a49736c616d61626164204361706974616c205465727269746f7279222c2273746f704c61744c6e67223a2233332e36353434333238373535303638322c37332e3135393637313931303130373134227d2c7b2273746f704e616d65223a225061726b206c696e6b2052642c2049736c616d616261642c2049736c616d61626164204361706974616c205465727269746f72792c2050616b697374616e0a49736c616d61626164204361706974616c205465727269746f7279222c2273746f704c61744c6e67223a2233332e3634393132353430353430363935362c37332e3135393533383133343933323533227d2c7b2273746f704e616d65223a224c6568746172617220526f61642c20546172616d72692c2049736c616d616261642c2049736c616d61626164204361706974616c205465727269746f72792c2050616b697374616e0a49736c616d61626164204361706974616c205465727269746f7279222c2273746f704c61744c6e67223a2233332e3634323335353836313831353132362c37332e3136303139363238313936393535227d2c7b2273746f704e616d65223a224d656f20526f61642c20546172616d72692c205461726c6169204b616c616e2c2049736c616d616261642c2049736c616d61626164204361706974616c205465727269746f72792c2050616b697374616e0a49736c616d61626164204361706974616c205465727269746f7279222c2273746f704c61744c6e67223a2233332e36333733323134383135383136362c37332e3135363035313933333736353431227d5d7d, '0', 0, 0),
(29, 'chak shehzad', '3', '33.657546,73.156364', 0x7b22616c6c53746f7073223a5b7b2273746f704e616d65223a22537472656574204e756d62657220342c20556e697665727369747920546f776e204368616b20536861687a61642c2049736c616d616261642c2049736c616d61626164204361706974616c205465727269746f72792c2050616b697374616e0a49736c616d61626164204361706974616c205465727269746f7279222c2273746f704c61744c6e67223a2233332e36353930373038313738323739312c37332e3135313030323334303031383735227d5d7d, '0', 0, 0),
(30, '4', 'A block', '33.649246,73.159512', 0x7b22616c6c53746f7073223a5b7b2273746f704e616d65223a2249736c616d616261642c2049736c616d61626164204361706974616c205465727269746f72792c2050616b697374616e0a49736c616d61626164204361706974616c205465727269746f7279222c2273746f704c61744c6e67223a2233332e36343736363036373931363838362c37332e3135393832313130373938333539227d2c7b2273746f704e616d65223a224c6568746172617220526f61642c20546172616d72692c2049736c616d616261642c2049736c616d61626164204361706974616c205465727269746f72792c2050616b697374616e0a49736c616d61626164204361706974616c205465727269746f7279222c2273746f704c61744c6e67223a2233332e363432353932323737323932342c37332e3136303030373532313531303132227d2c7b2273746f704e616d65223a225061726b2052642c204d6568657262616e20436f6c6f6e79204368617474612042616b6874617761722c2049736c616d616261642c2049736c616d61626164204361706974616c205465727269746f72792c2050616b697374616e0a49736c616d61626164204361706974616c205465727269746f7279222c2273746f704c61744c6e67223a2233332e3635353531373934303331323136362c37332e3135353333333737323330313637227d2c7b2273746f704e616d65223a22416c2d53617965642052642c204d6568657262616e20436f6c6f6e79204368617474612042616b6874617761722c2049736c616d616261642c2049736c616d61626164204361706974616c205465727269746f72792c2050616b697374616e0a49736c616d61626164204361706974616c205465727269746f7279222c2273746f704c61744c6e67223a2233332e36353632303533303833393138352c37332e3135353530363737343738333133227d5d7d, '0', 0, 8),
(31, '6', 'tramri', '33.637440,73.155925', 0x7b22616c6c53746f7073223a5b7b2273746f704e616d65223a22556e6e616d656420526f61642c205461726c616920566567657461626c65202620506f756c74727920736368656d6531205461726c616920566567657461626c6520616e6420706f756c74727920736368656d6520312c2049736c616d616261642c2049736c616d61626164204361706974616c205465727269746f72792c2050616b697374616e0a49736c616d61626164204361706974616c205465727269746f7279222c2273746f704c61744c6e67223a2233332e36343232313433343731363333372c37332e3134363236313533353538343933227d2c7b2273746f704e616d65223a224a6176612052642c204275726d6120546f776e2c2049736c616d616261642c2049736c616d61626164204361706974616c205465727269746f72792c2050616b697374616e0a49736c616d61626164204361706974616c205465727269746f7279222c2273746f704c61744c6e67223a2233332e36343236383135393538333937382c37332e31333239383332353938353637227d2c7b2273746f704e616d65223a224c6568746172617220526f61642c20416c69205075722c2049736c616d616261642c2049736c616d61626164204361706974616c205465727269746f72792c2050616b697374616e0a49736c616d61626164204361706974616c205465727269746f7279222c2273746f704c61744c6e67223a2233332e3634343639303638303433303735362c37332e3137343030353633353038323732227d5d7d, '0', 1, 11),
(32, '4 ', 'chak shehzad', '33.653320,73.157039', 0x7b22616c6c53746f7073223a5b7b2273746f704e616d65223a224b616c61742c2042616c6f6368697374616e2c2050616b697374616e0a42616c6f6368697374616e222c2273746f704c61744c6e67223a2232392e3433333335363233303134323831372c36372e3335373730383831313735393935227d5d7d, '0', 0, 12),
(33, '', '', '33.640985,73.156414', 0x7b22616c6c53746f7073223a5b7b2273746f704e616d65223a22497266616e204162616420546172616d72692c2049736c616d616261642c2049736c616d61626164204361706974616c205465727269746f72792c2050616b697374616e0a49736c616d61626164204361706974616c205465727269746f7279222c2273746f704c61744c6e67223a2233332e3634303930313036383933353336342c37332e3136343838373133303236303437227d2c7b2273746f704e616d65223a2254616d6d612c2049736c616d616261642c2049736c616d61626164204361706974616c205465727269746f72792c2050616b697374616e0a49736c616d61626164204361706974616c205465727269746f7279222c2273746f704c61744c6e67223a2233332e36343737343133343032333730382c37332e3136373333363635373634333332227d2c7b2273746f704e616d65223a22556e6e616d656420526f61642c20416c69205075722c2049736c616d616261642c2049736c616d61626164204361706974616c205465727269746f72792c2050616b697374616e0a49736c616d61626164204361706974616c205465727269746f7279222c2273746f704c61744c6e67223a2233332e36343132373932383339353337382c37332e3137343037323031393735353833227d2c7b2273746f704e616d65223a22416c69205075722c2049736c616d616261642c2049736c616d61626164204361706974616c205465727269746f72792c2050616b697374616e0a49736c616d61626164204361706974616c205465727269746f7279222c2273746f704c61744c6e67223a2233332e3634373134343839333131313931342c37332e31373633363036313435393738227d5d7d, '0', 0, 0),
(34, '6', 'rawal chok', '33.651738,73.157136', 0x7b22616c6c53746f7073223a5b7b2273746f704e616d65223a2253616666726f6e2053742c2049736c616d616261642c2049736c616d61626164204361706974616c205465727269746f72792c2050616b697374616e0a49736c616d61626164204361706974616c205465727269746f7279222c2273746f704c61744c6e67223a2233332e36353436343934343330333139362c37332e3135383532313537373731353837227d2c7b2273746f704e616d65223a2253756e72697365204176652c2049736c616d616261642c2049736c616d61626164204361706974616c205465727269746f72792c2050616b697374616e0a49736c616d61626164204361706974616c205465727269746f7279222c2273746f704c61744c6e67223a2233332e3634393938323233363337333435342c37332e3135323935343938383138313539227d5d7d, '0', 0, 13);

-- --------------------------------------------------------

--
-- Table structure for table `Students`
--

CREATE TABLE `Students` (
  `studentId` int(15) NOT NULL,
  `studentName` varchar(25) COLLATE utf8_unicode_ci NOT NULL,
  `studentRegNo` varchar(15) COLLATE utf8_unicode_ci NOT NULL,
  `studentEmail` varchar(50) COLLATE utf8_unicode_ci NOT NULL,
  `studentCnic` varchar(15) COLLATE utf8_unicode_ci NOT NULL,
  `studentPhoneNo` varchar(15) COLLATE utf8_unicode_ci NOT NULL,
  `studentPassword` varchar(20) COLLATE utf8_unicode_ci NOT NULL,
  `studentStopLatLng` varchar(50) COLLATE utf8_unicode_ci NOT NULL,
  `studentCurrentLatLng` varchar(20) COLLATE utf8_unicode_ci NOT NULL,
  `routeId` int(15) NOT NULL
) ENGINE=InnoDB DEFAULT CHARSET=utf8 COLLATE=utf8_unicode_ci;

--
-- Dumping data for table `Students`
--

INSERT INTO `Students` (`studentId`, `studentName`, `studentRegNo`, `studentEmail`, `studentCnic`, `studentPhoneNo`, `studentPassword`, `studentStopLatLng`, `studentCurrentLatLng`, `routeId`) VALUES
(39, 'marya', 'Sp14-Bse-02', 'maryazamir@gmail.com', '0897321265469', '03334449623', 'Marya_123@', '', '', 0),
(40, 'Junaid ', 'SP14-Bse-03', 'junaidali_1339@yahoo.com', '0879543218496', '03334412875', 'Junaid_123@', '', '', 0),
(41, 'qasim javed', 'Sp14-Bse-01', 'qasimjaved@gmail.com', '0897321846978', '03344165242', 'Qasim_123@', '', '', 0),
(42, 'ali', 'sp14hhh', 'ali@gmail.com', '3660236800925', '03035698563', 'qwW@1234', '', '', 0);

-- --------------------------------------------------------

--
-- Table structure for table `testtable`
--

CREATE TABLE `testtable` (
  `testId` int(10) NOT NULL,
  `testfirstname` varchar(30) COLLATE utf8_unicode_ci NOT NULL
) ENGINE=InnoDB DEFAULT CHARSET=utf8 COLLATE=utf8_unicode_ci;

--
-- Indexes for dumped tables
--

--
-- Indexes for table `Drivers`
--
ALTER TABLE `Drivers`
  ADD PRIMARY KEY (`driverId`),
  ADD UNIQUE KEY `driverEmail` (`driverEmail`);

--
-- Indexes for table `Feedback`
--
ALTER TABLE `Feedback`
  ADD PRIMARY KEY (`feedbackId`),
  ADD KEY `parentId` (`parentId`),
  ADD KEY `routeId` (`routeId`);

--
-- Indexes for table `Parents`
--
ALTER TABLE `Parents`
  ADD PRIMARY KEY (`parentId`),
  ADD UNIQUE KEY `parentEmail` (`parentEmail`),
  ADD UNIQUE KEY `parentCnic` (`parentCnic`);

--
-- Indexes for table `Routes`
--
ALTER TABLE `Routes`
  ADD PRIMARY KEY (`routeId`);

--
-- Indexes for table `Students`
--
ALTER TABLE `Students`
  ADD PRIMARY KEY (`studentId`),
  ADD UNIQUE KEY `studentCinc` (`studentCnic`),
  ADD UNIQUE KEY `studentRegNo` (`studentRegNo`),
  ADD UNIQUE KEY `studentEmail` (`studentEmail`);

--
-- Indexes for table `testtable`
--
ALTER TABLE `testtable`
  ADD PRIMARY KEY (`testId`);

--
-- AUTO_INCREMENT for dumped tables
--

--
-- AUTO_INCREMENT for table `Drivers`
--
ALTER TABLE `Drivers`
  MODIFY `driverId` int(15) NOT NULL AUTO_INCREMENT, AUTO_INCREMENT=14;

--
-- AUTO_INCREMENT for table `Feedback`
--
ALTER TABLE `Feedback`
  MODIFY `feedbackId` int(15) NOT NULL AUTO_INCREMENT, AUTO_INCREMENT=14;

--
-- AUTO_INCREMENT for table `Parents`
--
ALTER TABLE `Parents`
  MODIFY `parentId` int(15) NOT NULL AUTO_INCREMENT, AUTO_INCREMENT=20;

--
-- AUTO_INCREMENT for table `Routes`
--
ALTER TABLE `Routes`
  MODIFY `routeId` int(15) NOT NULL AUTO_INCREMENT, AUTO_INCREMENT=35;

--
-- AUTO_INCREMENT for table `Students`
--
ALTER TABLE `Students`
  MODIFY `studentId` int(15) NOT NULL AUTO_INCREMENT, AUTO_INCREMENT=43;

--
-- AUTO_INCREMENT for table `testtable`
--
ALTER TABLE `testtable`
  MODIFY `testId` int(10) NOT NULL AUTO_INCREMENT;
COMMIT;

/*!40101 SET CHARACTER_SET_CLIENT=@OLD_CHARACTER_SET_CLIENT */;
/*!40101 SET CHARACTER_SET_RESULTS=@OLD_CHARACTER_SET_RESULTS */;
/*!40101 SET COLLATION_CONNECTION=@OLD_COLLATION_CONNECTION */;
